Date de l'épisode;Origine;Polluant;Région;Département;Seuil dépassé
01/01/2017;CONSTAT;NO2;BRETAGNE;FINISTERE;200 µg/m³ / 1h
01/01/2017;CONSTAT;PM10;BRETAGNE;FINISTERE;50 µg/m³ / 24h
04/01/2017;CONSTAT;PM10;BRETAGNE;ILLE-ET-VILAINE;50 µg/m³ / 24h
04/01/2017;CONSTAT;PM10;GUYANE;GUYANE;80 µg/m³ / 24h
05/01/2017;CONSTAT;PM10;AQUITAINE;LANDES;50 µg/m³ / 24h
06/01/2017;CONSTAT;PM10;MIDI-PYRENEES;HAUTE-GARONNE;50 µg/m³ / 24h
07/01/2017;CONSTAT;PM10;BRETAGNE;ILLE-ET-VILAINE;50 µg/m³ / 24h
07/01/2017;CONSTAT;PM10;BRETAGNE;ILLE-ET-VILAINE;50 µg/m³ / 24h
07/01/2017;CONSTAT;PM10;MIDI-PYRENEES;TARN;50 µg/m³ / 24h
07/01/2017;CONSTAT;PM10;MIDI-PYRENEES;TARN-ET-GARONNE;50 µg/m³ / 24h
08/01/2017;CONSTAT;PM10;HAUTE-NORMANDIE;SEINE-MARITIME;50 µg/m³ / 24h
08/01/2017;CONSTAT;PM10;RHONE-ALPES;HAUTE-SAVOIE;50 µg/m³ / 24h
08/01/2017;CONSTAT;PM10;RHONE-ALPES;HAUTE-SAVOIE;50 µg/m³ / 24h
18/01/2017;CONSTAT;PM10;RHONE-ALPES;RHONE;50 µg/m³ / 24h
19/01/2017;CONSTAT;PM10;FRANCHE-COMTE;JURA;50 µg/m³ / 24h
19/01/2017;CONSTAT;PM10;FRANCHE-COMTE;TERRITOIRE DE BELFORT;50 µg/m³ / 24h
19/01/2017;CONSTAT;PM10;RHONE-ALPES;ISERE;50 µg/m³ / 24h
20/01/2017;CONSTAT;PM10;ALSACE;BAS-RHIN;50 µg/m³ / 24h
20/01/2017;CONSTAT;PM10;ALSACE;HAUT-RHIN;50 µg/m³ / 24h
07/12/2016;CONSTAT;PM10;ALSACE;HAUT-RHIN;50 µg/m³ / 24h
05/03/2016;CONSTAT;PM10;ALSACE;HAUT-RHIN;50 µg/m³ / 24h
23/02/2016;CONSTAT;PM10;ALSACE;HAUT-RHIN;50 µg/m³ / 24h
10/12/2016;CONSTAT;PM10;AQUITAINE;GIRONDE;50 µg/m³ / 24h
05/12/2016;CONSTAT;PM10;AQUITAINE;GIRONDE;50 µg/m³ / 24h
20/01/2017;CONSTAT;PM10;FRANCHE-COMTE;DOUBS;50 µg/m³ / 24h
05/12/2016;CONSTAT;PM10;AQUITAINE;LANDES;50 µg/m³ / 24h
20/01/2017;CONSTAT;PM10;ILE-DE-FRANCE;VAL-DE-MARNE;80 µg/m³ / 24h
20/01/2017;CONSTAT;PM10;ILE-DE-FRANCE;VAL-D'OISE;80 µg/m³ / 24h
20/01/2017;CONSTAT;PM10;LIMOUSIN;CORREZE;50 µg/m³ / 24h
31/12/2016;CONSTAT;PM10;AQUITAINE;PYRENEES-ATLANTIQUES;50 µg/m³ / 24h
22/12/2016;CONSTAT;PM10;AQUITAINE;PYRENEES-ATLANTIQUES;50 µg/m³ / 24h
16/12/2016;CONSTAT;PM10;AQUITAINE;PYRENEES-ATLANTIQUES;50 µg/m³ / 24h
12/02/2016;CONSTAT;PM10;AQUITAINE;PYRENEES-ATLANTIQUES;50 µg/m³ / 24h
31/01/2016;CONSTAT;PM10;AQUITAINE;PYRENEES-ATLANTIQUES;50 µg/m³ / 24h
29/01/2016;CONSTAT;PM10;AQUITAINE;PYRENEES-ATLANTIQUES;50 µg/m³ / 24h
16/12/2016;CONSTAT;PM10;AUVERGNE;PUY-DE-DOME;50 µg/m³ / 24h
15/12/2016;CONSTAT;PM10;AUVERGNE;PUY-DE-DOME;50 µg/m³ / 24h
21/03/2016;CONSTAT;PM10;AUVERGNE;PUY-DE-DOME;50 µg/m³ / 24h
20/01/2017;CONSTAT;PM10;MIDI-PYRENEES;AVEYRON;50 µg/m³ / 24h
20/01/2017;CONSTAT;PM10;MIDI-PYRENEES;HAUTE-GARONNE;50 µg/m³ / 24h
27/12/2016;CONSTAT;PM10;BASSE-NORMANDIE;CALVADOS;50 µg/m³ / 24h
02/12/2016;CONSTAT;PM10;BASSE-NORMANDIE;CALVADOS;50 µg/m³ / 24h
27/11/2016;CONSTAT;PM10;BASSE-NORMANDIE;CALVADOS;50 µg/m³ / 24h
13/03/2016;CONSTAT;PM10;BASSE-NORMANDIE;CALVADOS;50 µg/m³ / 24h
20/01/2017;CONSTAT;PM10;MIDI-PYRENEES;TARN-ET-GARONNE;50 µg/m³ / 24h
30/12/2016;CONSTAT;PM10;BASSE-NORMANDIE;MANCHE;50 µg/m³ / 24h
29/12/2016;CONSTAT;PM10;BASSE-NORMANDIE;MANCHE;50 µg/m³ / 24h
22/03/2016;CONSTAT;PM10;BASSE-NORMANDIE;MANCHE;50 µg/m³ / 24h
12/03/2016;CONSTAT;PM10;BASSE-NORMANDIE;MANCHE;50 µg/m³ / 24h
20/01/2017;CONSTAT;PM10;RHONE-ALPES;AIN;50 µg/m³ / 24h
01/12/2016;CONSTAT;PM10;BASSE-NORMANDIE;ORNE;50 µg/m³ / 24h
12/03/2016;CONSTAT;PM10;BASSE-NORMANDIE;ORNE;50 µg/m³ / 24h
11/03/2016;CONSTAT;PM10;BASSE-NORMANDIE;ORNE;50 µg/m³ / 24h
20/01/2017;CONSTAT;PM10;RHONE-ALPES;ARDECHE;50 µg/m³ / 24h
20/01/2017;CONSTAT;PM10;RHONE-ALPES;DROME;50 µg/m³ / 24h
20/01/2017;CONSTAT;PM10;RHONE-ALPES;HAUTE-SAVOIE;80 µg/m³ / 24h
20/01/2017;CONSTAT;PM10;RHONE-ALPES;ISERE;80 µg/m³ / 24h
20/01/2017;CONSTAT;PM10;RHONE-ALPES;LOIRE;50 µg/m³ / 24h
10/12/2016;CONSTAT;PM10;BOURGOGNE;COTE-D'OR;50 µg/m³ / 24h
20/01/2017;CONSTAT;PM10;RHONE-ALPES;RHONE;80 µg/m³ / 24h
20/01/2017;CONSTAT;PM10;RHONE-ALPES;SAVOIE;50 µg/m³ / 24h
21/01/2017;CONSTAT;PM10;ALSACE;BAS-RHIN;80 µg/m³ / 24h
21/01/2017;CONSTAT;PM10;ALSACE;HAUT-RHIN;50 µg/m³ / 24h
21/01/2017;CONSTAT;PM10;FRANCHE-COMTE;HAUTE-SAONE;50 µg/m³ / 24h
21/01/2017;CONSTAT;PM10;FRANCHE-COMTE;TERRITOIRE DE BELFORT;50 µg/m³ / 24h
21/01/2017;CONSTAT;PM10;ILE-DE-FRANCE;ESSONNE;80 µg/m³ / 24h
21/01/2017;CONSTAT;PM10;ILE-DE-FRANCE;HAUTS-DE-SEINE;80 µg/m³ / 24h
16/12/2016;CONSTAT;PM10;BOURGOGNE;SAONE-ET-LOIRE;50 µg/m³ / 24h
01/12/2016;CONSTAT;PM10;BOURGOGNE;SAONE-ET-LOIRE;50 µg/m³ / 24h
21/01/2017;CONSTAT;PM10;ILE-DE-FRANCE;PARIS;80 µg/m³ / 24h
21/01/2017;CONSTAT;PM10;ILE-DE-FRANCE;SEINE-ET-MARNE;80 µg/m³ / 24h
21/01/2017;CONSTAT;PM10;ILE-DE-FRANCE;SEINE-SAINT-DENIS;80 µg/m³ / 24h
21/01/2017;CONSTAT;PM10;ILE-DE-FRANCE;YVELINES;80 µg/m³ / 24h
21/01/2017;CONSTAT;PM10;RHONE-ALPES;AIN;80 µg/m³ / 24h
16/12/2016;CONSTAT;PM10;BOURGOGNE;YONNE;50 µg/m³ / 24h
15/12/2016;CONSTAT;PM10;BOURGOGNE;YONNE;50 µg/m³ / 24h
01/12/2016;CONSTAT;PM10;BOURGOGNE;YONNE;50 µg/m³ / 24h
01/12/2016;CONSTAT;PM10;BOURGOGNE;YONNE;50 µg/m³ / 24h
21/01/2016;CONSTAT;PM10;BOURGOGNE;YONNE;50 µg/m³ / 24h
21/01/2017;CONSTAT;PM10;RHONE-ALPES;ARDECHE;50 µg/m³ / 24h
30/12/2016;CONSTAT;PM10;BRETAGNE;COTES-D'ARMOR;50 µg/m³ / 24h
29/12/2016;CONSTAT;PM10;BRETAGNE;COTES-D'ARMOR;50 µg/m³ / 24h
01/12/2016;CONSTAT;PM10;BRETAGNE;COTES-D'ARMOR;50 µg/m³ / 24h
21/01/2017;CONSTAT;PM10;RHONE-ALPES;DROME;50 µg/m³ / 24h
21/01/2017;CONSTAT;PM10;RHONE-ALPES;HAUTE-SAVOIE;80 µg/m³ / 24h
21/01/2017;CONSTAT;PM10;RHONE-ALPES;HAUTE-SAVOIE;80 µg/m³ / 24h
30/12/2016;CONSTAT;PM10;BRETAGNE;FINISTERE;50 µg/m³ / 24h
29/12/2016;CONSTAT;NO2;BRETAGNE;FINISTERE;200 µg/m³ / 1h
28/12/2016;CONSTAT;PM10;BRETAGNE;FINISTERE;50 µg/m³ / 24h
21/01/2017;CONSTAT;PM10;RHONE-ALPES;ISERE;80 µg/m³ / 24h
21/01/2017;CONSTAT;PM10;RHONE-ALPES;LOIRE;50 µg/m³ / 24h
21/01/2017;CONSTAT;PM10;RHONE-ALPES;RHONE;80 µg/m³ / 24h
21/01/2017;CONSTAT;PM10;RHONE-ALPES;SAVOIE;50 µg/m³ / 24h
30/12/2016;CONSTAT;PM10;BRETAGNE;ILLE-ET-VILAINE;50 µg/m³ / 24h
17/12/2016;CONSTAT;PM10;BRETAGNE;ILLE-ET-VILAINE;50 µg/m³ / 24h
09/12/2016;CONSTAT;PM10;BRETAGNE;ILLE-ET-VILAINE;50 µg/m³ / 24h
07/12/2016;CONSTAT;PM10;BRETAGNE;ILLE-ET-VILAINE;50 µg/m³ / 24h
30/11/2016;CONSTAT;PM10;BRETAGNE;ILLE-ET-VILAINE;50 µg/m³ / 24h
28/01/2016;CONSTAT;PM10;BRETAGNE;ILLE-ET-VILAINE;50 µg/m³ / 24h
27/01/2016;CONSTAT;PM10;BRETAGNE;ILLE-ET-VILAINE;50 µg/m³ / 24h
21/01/2017;CONSTAT;PM10;RHONE-ALPES;SAVOIE;50 µg/m³ / 24h
22/01/2017;CONSTAT;PM10;ALSACE;BAS-RHIN;80 µg/m³ / 24h
22/01/2017;CONSTAT;PM10;ALSACE;HAUT-RHIN;80 µg/m³ / 24h
22/01/2017;CONSTAT;PM10;ILE-DE-FRANCE;ESSONNE;80 µg/m³ / 24h
22/01/2016;CONSTAT;PM10;CHAMPAGNE-ARDENNE;ARDENNES;50 µg/m³ / 24h
21/01/2016;CONSTAT;PM10;CHAMPAGNE-ARDENNE;ARDENNES;50 µg/m³ / 24h
22/01/2017;CONSTAT;PM10;ILE-DE-FRANCE;HAUTS-DE-SEINE;80 µg/m³ / 24h
22/01/2017;CONSTAT;PM10;ILE-DE-FRANCE;PARIS;80 µg/m³ / 24h
21/01/2016;CONSTAT;PM10;CHAMPAGNE-ARDENNE;AUBE;50 µg/m³ / 24h
05/01/2016;CONSTAT;PM10;CHAMPAGNE-ARDENNE;AUBE;50 µg/m³ / 24h
22/01/2017;CONSTAT;PM10;ILE-DE-FRANCE;SEINE-ET-MARNE;80 µg/m³ / 24h
22/01/2017;CONSTAT;PM10;ILE-DE-FRANCE;SEINE-SAINT-DENIS;80 µg/m³ / 24h
25/08/2016;CONSTAT;O3;CHAMPAGNE-ARDENNE;MARNE;180 µg/m³ / 1h
21/01/2016;CONSTAT;PM10;CHAMPAGNE-ARDENNE;MARNE;50 µg/m³ / 24h
21/01/2016;CONSTAT;PM10;CHAMPAGNE-ARDENNE;MARNE;50 µg/m³ / 24h
21/03/2016;CONSTAT;PM10;CORSE;CORSE-DU-SUD;50 µg/m³ / 24h
21/03/2016;CONSTAT;PM10;CORSE;HAUTE-CORSE;50 µg/m³ / 24h
22/01/2017;CONSTAT;PM10;ILE-DE-FRANCE;VAL-DE-MARNE;80 µg/m³ / 24h
22/01/2017;CONSTAT;PM10;ILE-DE-FRANCE;VAL-D'OISE;80 µg/m³ / 24h
22/01/2017;CONSTAT;PM10;ILE-DE-FRANCE;YVELINES;80 µg/m³ / 24h
29/02/2016;CONSTAT;PM10;FRANCHE-COMTE;DOUBS;50 µg/m³ / 24h
22/01/2017;CONSTAT;PM10;MIDI-PYRENEES;HAUTES-PYRENEES;50 µg/m³ / 24h
22/01/2017;CONSTAT;PM10;RHONE-ALPES;AIN;80 µg/m³ / 24h
15/12/2016;CONSTAT;PM10;FRANCHE-COMTE;JURA;50 µg/m³ / 24h
13/03/2016;CONSTAT;PM10;FRANCHE-COMTE;JURA;50 µg/m³ / 24h
22/01/2017;CONSTAT;PM10;RHONE-ALPES;AIN;80 µg/m³ / 24h
22/01/2017;CONSTAT;PM10;RHONE-ALPES;ARDECHE;50 µg/m³ / 24h
22/01/2017;CONSTAT;PM10;RHONE-ALPES;ARDECHE;50 µg/m³ / 24h
23/02/2016;CONSTAT;PM10;FRANCHE-COMTE;TERRITOIRE DE BELFORT;50 µg/m³ / 24h
22/01/2017;CONSTAT;PM10;RHONE-ALPES;DROME;50 µg/m³ / 24h
22/01/2017;CONSTAT;PM10;RHONE-ALPES;DROME;50 µg/m³ / 24h
22/01/2017;CONSTAT;PM10;RHONE-ALPES;HAUTE-SAVOIE;80 µg/m³ / 24h
26/08/2016;CONSTAT;PM10;GUADELOUPE;GUADELOUPE;50 µg/m³ / 24h
19/07/2016;CONSTAT;PM10;GUADELOUPE;GUADELOUPE;50 µg/m³ / 24h
05/06/2016;CONSTAT;PM10;GUADELOUPE;GUADELOUPE;50 µg/m³ / 24h
29/05/2016;CONSTAT;PM10;GUADELOUPE;GUADELOUPE;80 µg/m³ / 24h
21/05/2016;CONSTAT;PM10;GUADELOUPE;GUADELOUPE;50 µg/m³ / 24h
13/05/2016;CONSTAT;PM10;GUADELOUPE;GUADELOUPE;50 µg/m³ / 24h
23/04/2016;CONSTAT;PM10;GUADELOUPE;GUADELOUPE;50 µg/m³ / 24h
21/04/2016;CONSTAT;PM10;GUADELOUPE;GUADELOUPE;80 µg/m³ / 24h
22/01/2017;CONSTAT;PM10;RHONE-ALPES;HAUTE-SAVOIE;80 µg/m³ / 24h
22/01/2017;CONSTAT;PM10;RHONE-ALPES;ISERE;80 µg/m³ / 24h
22/01/2017;CONSTAT;PM10;RHONE-ALPES;ISERE;80 µg/m³ / 24h
22/01/2017;CONSTAT;PM10;RHONE-ALPES;LOIRE;50 µg/m³ / 24h
22/01/2017;CONSTAT;PM10;RHONE-ALPES;LOIRE;50 µg/m³ / 24h
22/01/2017;CONSTAT;PM10;RHONE-ALPES;RHONE;80 µg/m³ / 24h
22/01/2017;CONSTAT;PM10;RHONE-ALPES;RHONE;80 µg/m³ / 24h
31/12/2016;CONSTAT;PM10;GUYANE;GUYANE;80 µg/m³ / 24h
21/04/2016;CONSTAT;PM10;GUYANE;GUYANE;50 µg/m³ / 24h
29/02/2016;CONSTAT;PM10;GUYANE;GUYANE;50 µg/m³ / 24h
09/02/2016;CONSTAT;PM10;GUYANE;GUYANE;50 µg/m³ / 24h
01/02/2016;CONSTAT;PM10;GUYANE;GUYANE;50 µg/m³ / 24h
30/01/2016;CONSTAT;PM10;GUYANE;GUYANE;50 µg/m³ / 24h
29/01/2016;CONSTAT;PM10;GUYANE;GUYANE;80 µg/m³ / 24h
27/01/2016;CONSTAT;PM10;GUYANE;GUYANE;50 µg/m³ / 24h
22/01/2016;CONSTAT;PM10;GUYANE;GUYANE;50 µg/m³ / 24h
22/01/2016;CONSTAT;PM10;GUYANE;GUYANE;50 µg/m³ / 24h
04/01/2016;CONSTAT;PM10;GUYANE;GUYANE;50 µg/m³ / 24h
03/01/2016;CONSTAT;PM10;GUYANE;GUYANE;50 µg/m³ / 24h
22/01/2017;CONSTAT;PM10;RHONE-ALPES;SAVOIE;50 µg/m³ / 24h
22/01/2017;CONSTAT;PM10;RHONE-ALPES;SAVOIE;50 µg/m³ / 24h
23/01/2017;CONSTAT;PM10;ALSACE;BAS-RHIN;80 µg/m³ / 24h
23/01/2017;CONSTAT;PM10;ALSACE;HAUT-RHIN;80 µg/m³ / 24h
23/01/2017;CONSTAT;PM10;BASSE-NORMANDIE;CALVADOS;80 µg/m³ / 24h
31/12/2016;CONSTAT;PM10;HAUTE-NORMANDIE;SEINE-MARITIME;50 µg/m³ / 24h
30/11/2016;CONSTAT;SO2;HAUTE-NORMANDIE;SEINE-MARITIME;300 µg/m³ / 1h
30/11/2016;CONSTAT;PM10;HAUTE-NORMANDIE;SEINE-MARITIME;50 µg/m³ / 24h
06/09/2016;CONSTAT;O3;HAUTE-NORMANDIE;SEINE-MARITIME;180 µg/m³ / 1h
27/07/2016;CONSTAT;O3;HAUTE-NORMANDIE;SEINE-MARITIME;180 µg/m³ / 1h
23/01/2017;CONSTAT;PM10;BASSE-NORMANDIE;MANCHE;50 µg/m³ / 24h
23/01/2017;CONSTAT;PM10;BASSE-NORMANDIE;ORNE;50 µg/m³ / 24h
23/01/2017;CONSTAT;NO2;BRETAGNE;FINISTERE;200 µg/m³ / 1h
23/01/2017;CONSTAT;NO2;BRETAGNE;ILLE-ET-VILAINE;200 µg/m³ / 1h
30/12/2016;CONSTAT;PM10;ILE-DE-FRANCE;ESSONNE;50 µg/m³ / 24h
15/12/2016;CONSTAT;PM10;ILE-DE-FRANCE;ESSONNE;50 µg/m³ / 24h
02/12/2016;CONSTAT;PM10;ILE-DE-FRANCE;ESSONNE;80 µg/m³ / 24h
01/12/2016;CONSTAT;NO2;ILE-DE-FRANCE;ESSONNE;200 µg/m³ / 1h
01/12/2016;CONSTAT;NO2;ILE-DE-FRANCE;ESSONNE;200 µg/m³ / 1h
26/08/2016;CONSTAT;O3;ILE-DE-FRANCE;ESSONNE;180 µg/m³ / 1h
25/08/2016;CONSTAT;O3;ILE-DE-FRANCE;ESSONNE;180 µg/m³ / 1h
24/08/2016;CONSTAT;O3;ILE-DE-FRANCE;ESSONNE;180 µg/m³ / 1h
13/05/2016;CONSTAT;PM10;ILE-DE-FRANCE;ESSONNE;50 µg/m³ / 24h
11/03/2016;CONSTAT;PM10;ILE-DE-FRANCE;ESSONNE;50 µg/m³ / 24h
23/01/2017;CONSTAT;PM10;ILE-DE-FRANCE;ESSONNE;80 µg/m³ / 24h
23/01/2017;CONSTAT;PM10;ILE-DE-FRANCE;HAUTS-DE-SEINE;80 µg/m³ / 24h
23/01/2017;CONSTAT;PM10;ILE-DE-FRANCE;PARIS;80 µg/m³ / 24h
23/01/2017;CONSTAT;PM10;ILE-DE-FRANCE;SEINE-ET-MARNE;80 µg/m³ / 24h
30/12/2016;CONSTAT;PM10;ILE-DE-FRANCE;HAUTS-DE-SEINE;50 µg/m³ / 24h
15/12/2016;CONSTAT;PM10;ILE-DE-FRANCE;HAUTS-DE-SEINE;50 µg/m³ / 24h
02/12/2016;CONSTAT;PM10;ILE-DE-FRANCE;HAUTS-DE-SEINE;50 µg/m³ / 24h
01/12/2016;CONSTAT;NO2;ILE-DE-FRANCE;HAUTS-DE-SEINE;200 µg/m³ / 1h
01/12/2016;CONSTAT;NO2;ILE-DE-FRANCE;HAUTS-DE-SEINE;200 µg/m³ / 1h
26/08/2016;CONSTAT;O3;ILE-DE-FRANCE;HAUTS-DE-SEINE;180 µg/m³ / 1h
25/08/2016;CONSTAT;O3;ILE-DE-FRANCE;HAUTS-DE-SEINE;180 µg/m³ / 1h
24/08/2016;CONSTAT;O3;ILE-DE-FRANCE;HAUTS-DE-SEINE;180 µg/m³ / 1h
12/05/2016;CONSTAT;PM10;ILE-DE-FRANCE;HAUTS-DE-SEINE;50 µg/m³ / 24h
11/03/2016;CONSTAT;PM10;ILE-DE-FRANCE;HAUTS-DE-SEINE;50 µg/m³ / 24h
23/01/2017;CONSTAT;PM10;ILE-DE-FRANCE;SEINE-SAINT-DENIS;80 µg/m³ / 24h
23/01/2017;CONSTAT;PM10;ILE-DE-FRANCE;VAL-DE-MARNE;80 µg/m³ / 24h
23/01/2017;CONSTAT;PM10;ILE-DE-FRANCE;VAL-D'OISE;80 µg/m³ / 24h
23/01/2017;CONSTAT;PM10;ILE-DE-FRANCE;YVELINES;80 µg/m³ / 24h
30/12/2016;CONSTAT;PM10;ILE-DE-FRANCE;PARIS;50 µg/m³ / 24h
15/12/2016;CONSTAT;PM10;ILE-DE-FRANCE;PARIS;50 µg/m³ / 24h
02/12/2016;CONSTAT;PM10;ILE-DE-FRANCE;PARIS;80 µg/m³ / 24h
01/12/2016;CONSTAT;NO2;ILE-DE-FRANCE;PARIS;200 µg/m³ / 1h
01/12/2016;CONSTAT;NO2;ILE-DE-FRANCE;PARIS;200 µg/m³ / 1h
26/08/2016;CONSTAT;O3;ILE-DE-FRANCE;PARIS;180 µg/m³ / 1h
25/08/2016;CONSTAT;O3;ILE-DE-FRANCE;PARIS;180 µg/m³ / 1h
24/08/2016;CONSTAT;O3;ILE-DE-FRANCE;PARIS;180 µg/m³ / 1h
13/05/2016;CONSTAT;PM10;ILE-DE-FRANCE;PARIS;50 µg/m³ / 24h
11/03/2016;CONSTAT;PM10;ILE-DE-FRANCE;PARIS;50 µg/m³ / 24h
23/01/2017;CONSTAT;PM10;LA REUNION;LA REUNION;50 µg/m³ / 24h
23/01/2017;CONSTAT;PM10;LIMOUSIN;HAUTE-VIENNE;50 µg/m³ / 24h
23/01/2017;CONSTAT;PM10;MIDI-PYRENEES;HAUTE-GARONNE;50 µg/m³ / 24h
23/01/2017;CONSTAT;PM10;MIDI-PYRENEES;TARN;50 µg/m³ / 24h
30/12/2016;CONSTAT;PM10;ILE-DE-FRANCE;SEINE-ET-MARNE;50 µg/m³ / 24h
15/12/2016;CONSTAT;PM10;ILE-DE-FRANCE;SEINE-ET-MARNE;50 µg/m³ / 24h
02/12/2016;CONSTAT;PM10;ILE-DE-FRANCE;SEINE-ET-MARNE;80 µg/m³ / 24h
01/12/2016;CONSTAT;NO2;ILE-DE-FRANCE;SEINE-ET-MARNE;200 µg/m³ / 1h
01/12/2016;CONSTAT;NO2;ILE-DE-FRANCE;SEINE-ET-MARNE;200 µg/m³ / 1h
26/08/2016;CONSTAT;O3;ILE-DE-FRANCE;SEINE-ET-MARNE;180 µg/m³ / 1h
25/08/2016;CONSTAT;O3;ILE-DE-FRANCE;SEINE-ET-MARNE;180 µg/m³ / 1h
24/08/2016;CONSTAT;O3;ILE-DE-FRANCE;SEINE-ET-MARNE;180 µg/m³ / 1h
11/03/2016;CONSTAT;PM10;ILE-DE-FRANCE;SEINE-ET-MARNE;50 µg/m³ / 24h
23/01/2017;CONSTAT;PM10;PROVENCE-ALPES-COTE D'AZUR;BOUCHES-DU-RHONE;50 µg/m³ / 24h
23/01/2017;CONSTAT;PM10;RHONE-ALPES;AIN;80 µg/m³ / 24h
23/01/2017;CONSTAT;PM10;RHONE-ALPES;ARDECHE;50 µg/m³ / 24h
23/01/2017;CONSTAT;PM10;RHONE-ALPES;DROME;50 µg/m³ / 24h
30/12/2016;CONSTAT;PM10;ILE-DE-FRANCE;SEINE-SAINT-DENIS;50 µg/m³ / 24h
15/12/2016;CONSTAT;PM10;ILE-DE-FRANCE;SEINE-SAINT-DENIS;50 µg/m³ / 24h
02/12/2016;CONSTAT;PM10;ILE-DE-FRANCE;SEINE-SAINT-DENIS;80 µg/m³ / 24h
01/12/2016;CONSTAT;NO2;ILE-DE-FRANCE;SEINE-SAINT-DENIS;200 µg/m³ / 1h
01/12/2016;CONSTAT;NO2;ILE-DE-FRANCE;SEINE-SAINT-DENIS;200 µg/m³ / 1h
26/08/2016;CONSTAT;O3;ILE-DE-FRANCE;SEINE-SAINT-DENIS;180 µg/m³ / 1h
25/08/2016;CONSTAT;O3;ILE-DE-FRANCE;SEINE-SAINT-DENIS;180 µg/m³ / 1h
24/08/2016;CONSTAT;O3;ILE-DE-FRANCE;SEINE-SAINT-DENIS;180 µg/m³ / 1h
11/03/2016;CONSTAT;PM10;ILE-DE-FRANCE;SEINE-SAINT-DENIS;50 µg/m³ / 24h
23/01/2017;CONSTAT;PM10;RHONE-ALPES;HAUTE-SAVOIE;50 µg/m³ / 24h
23/01/2017;CONSTAT;PM10;RHONE-ALPES;ISERE;80 µg/m³ / 24h
23/01/2017;CONSTAT;PM10;RHONE-ALPES;LOIRE;50 µg/m³ / 24h
23/01/2017;CONSTAT;PM10;RHONE-ALPES;RHONE;80 µg/m³ / 24h
30/12/2016;CONSTAT;PM10;ILE-DE-FRANCE;VAL-DE-MARNE;50 µg/m³ / 24h
15/12/2016;CONSTAT;PM10;ILE-DE-FRANCE;VAL-DE-MARNE;50 µg/m³ / 24h
02/12/2016;CONSTAT;PM10;ILE-DE-FRANCE;VAL-DE-MARNE;80 µg/m³ / 24h
01/12/2016;CONSTAT;NO2;ILE-DE-FRANCE;VAL-DE-MARNE;200 µg/m³ / 1h
01/12/2016;CONSTAT;NO2;ILE-DE-FRANCE;VAL-DE-MARNE;200 µg/m³ / 1h
26/08/2016;CONSTAT;O3;ILE-DE-FRANCE;VAL-DE-MARNE;180 µg/m³ / 1h
25/08/2016;CONSTAT;O3;ILE-DE-FRANCE;VAL-DE-MARNE;180 µg/m³ / 1h
17/08/2016;CONSTAT;O3;ILE-DE-FRANCE;VAL-DE-MARNE;180 µg/m³ / 1h
12/05/2016;CONSTAT;PM10;ILE-DE-FRANCE;VAL-DE-MARNE;50 µg/m³ / 24h
11/03/2016;CONSTAT;PM10;ILE-DE-FRANCE;VAL-DE-MARNE;50 µg/m³ / 24h
24/01/2017;CONSTAT;PM10;ALSACE;BAS-RHIN;50 µg/m³ / 24h
24/01/2017;CONSTAT;PM10;ALSACE;HAUT-RHIN;50 µg/m³ / 24h
24/01/2017;CONSTAT;PM10;BOURGOGNE;COTE-D'OR;80 µg/m³ / 24h
24/01/2017;CONSTAT;PM10;BOURGOGNE;COTE-D'OR;80 µg/m³ / 24h
30/12/2016;CONSTAT;PM10;ILE-DE-FRANCE;VAL-D'OISE;50 µg/m³ / 24h
15/12/2016;CONSTAT;PM10;ILE-DE-FRANCE;VAL-D'OISE;50 µg/m³ / 24h
02/12/2016;CONSTAT;PM10;ILE-DE-FRANCE;VAL-D'OISE;80 µg/m³ / 24h
01/12/2016;CONSTAT;NO2;ILE-DE-FRANCE;VAL-D'OISE;200 µg/m³ / 1h
01/12/2016;CONSTAT;NO2;ILE-DE-FRANCE;VAL-D'OISE;200 µg/m³ / 1h
25/08/2016;CONSTAT;O3;ILE-DE-FRANCE;VAL-D'OISE;180 µg/m³ / 1h
25/08/2016;CONSTAT;O3;ILE-DE-FRANCE;VAL-D'OISE;180 µg/m³ / 1h
01/08/2016;CONSTAT;O3;ILE-DE-FRANCE;VAL-D'OISE;180 µg/m³ / 1h
11/03/2016;CONSTAT;PM10;ILE-DE-FRANCE;VAL-D'OISE;50 µg/m³ / 24h
24/01/2017;CONSTAT;PM10;BOURGOGNE;NIEVRE;80 µg/m³ / 24h
24/01/2017;CONSTAT;PM10;BOURGOGNE;NIEVRE;80 µg/m³ / 24h
24/01/2017;CONSTAT;PM10;BOURGOGNE;SAONE-ET-LOIRE;80 µg/m³ / 24h
24/01/2017;CONSTAT;PM10;BOURGOGNE;SAONE-ET-LOIRE;80 µg/m³ / 24h
30/12/2016;CONSTAT;PM10;ILE-DE-FRANCE;YVELINES;50 µg/m³ / 24h
15/12/2016;CONSTAT;PM10;ILE-DE-FRANCE;YVELINES;50 µg/m³ / 24h
02/12/2016;CONSTAT;PM10;ILE-DE-FRANCE;YVELINES;50 µg/m³ / 24h
01/12/2016;CONSTAT;NO2;ILE-DE-FRANCE;YVELINES;200 µg/m³ / 1h
01/12/2016;CONSTAT;NO2;ILE-DE-FRANCE;YVELINES;200 µg/m³ / 1h
26/08/2016;CONSTAT;O3;ILE-DE-FRANCE;YVELINES;180 µg/m³ / 1h
25/08/2016;CONSTAT;O3;ILE-DE-FRANCE;YVELINES;180 µg/m³ / 1h
24/08/2016;CONSTAT;O3;ILE-DE-FRANCE;YVELINES;180 µg/m³ / 1h
13/05/2016;CONSTAT;PM10;ILE-DE-FRANCE;YVELINES;50 µg/m³ / 24h
11/03/2016;CONSTAT;PM10;ILE-DE-FRANCE;YVELINES;50 µg/m³ / 24h
24/01/2017;CONSTAT;PM10;BOURGOGNE;YONNE;80 µg/m³ / 24h
24/01/2017;CONSTAT;PM10;BOURGOGNE;YONNE;80 µg/m³ / 24h
24/01/2017;CONSTAT;PM10;LA REUNION;LA REUNION;50 µg/m³ / 24h
24/01/2017;CONSTAT;PM10;LANGUEDOC-ROUSSILLON;AUDE;50 µg/m³ / 24h
24/01/2017;CONSTAT;PM10;LIMOUSIN;CREUSE;50 µg/m³ / 24h
24/01/2017;CONSTAT;PM10;LIMOUSIN;HAUTE-VIENNE;50 µg/m³ / 24h
24/11/2016;CONSTAT;PM10;LA REUNION;LA REUNION;50 µg/m³ / 24h
22/11/2016;CONSTAT;PM10;LA REUNION;LA REUNION;50 µg/m³ / 24h
21/11/2016;CONSTAT;PM10;LA REUNION;LA REUNION;80 µg/m³ / 24h
19/11/2016;CONSTAT;PM10;LA REUNION;LA REUNION;50 µg/m³ / 24h
24/01/2017;CONSTAT;PM10;RHONE-ALPES;AIN;80 µg/m³ / 24h
24/01/2017;CONSTAT;PM10;RHONE-ALPES;ARDECHE;50 µg/m³ / 24h
10/06/2016;CONSTAT;O3;LANGUEDOC-ROUSSILLON;GARD;180 µg/m³ / 1h
23/02/2016;CONSTAT;PM10;LANGUEDOC-ROUSSILLON;GARD;50 µg/m³ / 24h
24/01/2017;CONSTAT;PM10;RHONE-ALPES;HAUTE-SAVOIE;50 µg/m³ / 24h
21/11/2016;CONSTAT;PM10;LANGUEDOC-ROUSSILLON;HERAULT;50 µg/m³ / 24h
21/11/2016;CONSTAT;PM10;LANGUEDOC-ROUSSILLON;HERAULT;50 µg/m³ / 24h
19/11/2016;CONSTAT;PM10;LANGUEDOC-ROUSSILLON;HERAULT;50 µg/m³ / 24h
25/08/2016;CONSTAT;O3;LANGUEDOC-ROUSSILLON;HERAULT;180 µg/m³ / 1h
28/04/2016;CONSTAT;PM10;LANGUEDOC-ROUSSILLON;HERAULT;50 µg/m³ / 24h
24/01/2017;CONSTAT;PM10;RHONE-ALPES;ISERE;50 µg/m³ / 24h
24/01/2017;CONSTAT;PM10;RHONE-ALPES;LOIRE;50 µg/m³ / 24h
13/03/2016;CONSTAT;PM10;LIMOUSIN;CREUSE;50 µg/m³ / 24h
24/01/2017;CONSTAT;PM10;RHONE-ALPES;RHONE;80 µg/m³ / 24h
24/01/2017;CONSTAT;PM10;RHONE-ALPES;SAVOIE;50 µg/m³ / 24h
24/01/2017;CONSTAT;PM10;RHONE-ALPES;SAVOIE;80 µg/m³ / 24h
25/01/2017;CONSTAT;PM10;ALSACE;BAS-RHIN;50 µg/m³ / 24h
25/01/2017;CONSTAT;PM10;ALSACE;HAUT-RHIN;50 µg/m³ / 24h
25/01/2017;CONSTAT;PM10;BOURGOGNE;COTE-D'OR;80 µg/m³ / 24h
25/01/2017;CONSTAT;PM10;BOURGOGNE;SAONE-ET-LOIRE;80 µg/m³ / 24h
02/10/2016;CONSTAT;PM10;MARTINIQUE;MARTINIQUE;50 µg/m³ / 24h
03/09/2016;CONSTAT;PM10;MARTINIQUE;MARTINIQUE;80 µg/m³ / 24h
26/08/2016;CONSTAT;PM10;MARTINIQUE;MARTINIQUE;80 µg/m³ / 24h
26/07/2016;CONSTAT;PM10;MARTINIQUE;MARTINIQUE;50 µg/m³ / 24h
08/07/2016;CONSTAT;PM10;MARTINIQUE;MARTINIQUE;50 µg/m³ / 24h
27/04/2016;CONSTAT;PM10;MARTINIQUE;MARTINIQUE;50 µg/m³ / 24h
23/04/2016;CONSTAT;PM10;MARTINIQUE;MARTINIQUE;50 µg/m³ / 24h
22/03/2016;CONSTAT;PM10;MARTINIQUE;MARTINIQUE;50 µg/m³ / 24h
06/02/2016;CONSTAT;PM10;MARTINIQUE;MARTINIQUE;50 µg/m³ / 24h
01/02/2016;CONSTAT;PM10;MARTINIQUE;MARTINIQUE;50 µg/m³ / 24h
25/01/2017;CONSTAT;PM10;BOURGOGNE;YONNE;80 µg/m³ / 24h
25/01/2017;CONSTAT;PM10;LA REUNION;LA REUNION;50 µg/m³ / 24h
25/01/2017;CONSTAT;PM10;LANGUEDOC-ROUSSILLON;AUDE;50 µg/m³ / 24h
25/01/2017;CONSTAT;PM10;RHONE-ALPES;AIN;50 µg/m³ / 24h
19/12/2016;CONSTAT;PM10;MIDI-PYRENEES;HAUTE-GARONNE;50 µg/m³ / 24h
18/12/2016;CONSTAT;PM10;MIDI-PYRENEES;HAUTE-GARONNE;50 µg/m³ / 24h
16/12/2016;CONSTAT;PM10;MIDI-PYRENEES;HAUTE-GARONNE;50 µg/m³ / 24h
12/12/2016;CONSTAT;PM10;MIDI-PYRENEES;HAUTE-GARONNE;50 µg/m³ / 24h
07/12/2016;CONSTAT;PM10;MIDI-PYRENEES;HAUTE-GARONNE;50 µg/m³ / 24h
25/01/2017;CONSTAT;PM10;RHONE-ALPES;ARDECHE;50 µg/m³ / 24h
25/01/2017;CONSTAT;PM10;RHONE-ALPES;HAUTE-SAVOIE;80 µg/m³ / 24h
31/12/2016;CONSTAT;PM10;MIDI-PYRENEES;HAUTES-PYRENEES;80 µg/m³ / 24h
29/12/2016;CONSTAT;PM10;MIDI-PYRENEES;HAUTES-PYRENEES;50 µg/m³ / 24h
17/12/2016;CONSTAT;PM10;MIDI-PYRENEES;HAUTES-PYRENEES;50 µg/m³ / 24h
16/12/2016;CONSTAT;PM10;MIDI-PYRENEES;HAUTES-PYRENEES;50 µg/m³ / 24h
14/12/2016;CONSTAT;PM10;MIDI-PYRENEES;HAUTES-PYRENEES;50 µg/m³ / 24h
14/12/2016;CONSTAT;PM10;MIDI-PYRENEES;HAUTES-PYRENEES;50 µg/m³ / 24h
14/12/2016;CONSTAT;PM10;MIDI-PYRENEES;HAUTES-PYRENEES;50 µg/m³ / 24h
14/12/2016;CONSTAT;PM10;MIDI-PYRENEES;HAUTES-PYRENEES;50 µg/m³ / 24h
10/12/2016;CONSTAT;PM10;MIDI-PYRENEES;HAUTES-PYRENEES;80 µg/m³ / 24h
09/12/2016;CONSTAT;PM10;MIDI-PYRENEES;HAUTES-PYRENEES;50 µg/m³ / 24h
08/12/2016;CONSTAT;PM10;MIDI-PYRENEES;HAUTES-PYRENEES;50 µg/m³ / 24h
04/12/2016;CONSTAT;PM10;MIDI-PYRENEES;HAUTES-PYRENEES;50 µg/m³ / 24h
22/11/2016;CONSTAT;PM10;MIDI-PYRENEES;HAUTES-PYRENEES;50 µg/m³ / 24h
08/07/2016;CONSTAT;O3;MIDI-PYRENEES;HAUTES-PYRENEES;180 µg/m³ / 1h
23/02/2016;CONSTAT;PM10;MIDI-PYRENEES;HAUTES-PYRENEES;50 µg/m³ / 24h
25/01/2017;CONSTAT;PM10;RHONE-ALPES;ISERE;50 µg/m³ / 24h
25/01/2017;CONSTAT;PM10;RHONE-ALPES;LOIRE;50 µg/m³ / 24h
25/01/2017;CONSTAT;PM10;RHONE-ALPES;RHONE;50 µg/m³ / 24h
25/01/2017;CONSTAT;PM10;RHONE-ALPES;SAVOIE;50 µg/m³ / 24h
26/01/2017;CONSTAT;PM10;ALSACE;BAS-RHIN;50 µg/m³ / 24h
20/12/2016;CONSTAT;PM10;MIDI-PYRENEES;TARN-ET-GARONNE;50 µg/m³ / 24h
19/12/2016;CONSTAT;PM10;MIDI-PYRENEES;TARN-ET-GARONNE;50 µg/m³ / 24h
18/12/2016;CONSTAT;PM10;MIDI-PYRENEES;TARN-ET-GARONNE;50 µg/m³ / 24h
14/12/2016;CONSTAT;PM10;MIDI-PYRENEES;TARN-ET-GARONNE;50 µg/m³ / 24h
14/12/2016;CONSTAT;PM10;MIDI-PYRENEES;TARN-ET-GARONNE;50 µg/m³ / 24h
11/12/2016;CONSTAT;PM10;MIDI-PYRENEES;TARN-ET-GARONNE;50 µg/m³ / 24h
09/12/2016;CONSTAT;PM10;MIDI-PYRENEES;TARN-ET-GARONNE;50 µg/m³ / 24h
07/12/2016;CONSTAT;PM10;MIDI-PYRENEES;TARN-ET-GARONNE;50 µg/m³ / 24h
01/12/2016;CONSTAT;PM10;MIDI-PYRENEES;TARN-ET-GARONNE;50 µg/m³ / 24h
26/01/2017;CONSTAT;PM10;ALSACE;HAUT-RHIN;50 µg/m³ / 24h
26/01/2017;CONSTAT;SO2;AQUITAINE;PYRENEES-ATLANTIQUES;300 µg/m³ / 1h
26/01/2017;CONSTAT;PM10;BOURGOGNE;COTE-D'OR;80 µg/m³ / 24h
18/12/2016;CONSTAT;PM10;NORD-PAS-DE-CALAIS;NORD;50 µg/m³ / 24h
17/12/2016;CONSTAT;PM10;NORD-PAS-DE-CALAIS;NORD;50 µg/m³ / 24h
11/10/2016;CONSTAT;PM10;NORD-PAS-DE-CALAIS;NORD;50 µg/m³ / 24h
13/09/2016;CONSTAT;SO2;NORD-PAS-DE-CALAIS;NORD;300 µg/m³ / 1h
08/09/2016;CONSTAT;SO2;NORD-PAS-DE-CALAIS;NORD;300 µg/m³ / 1h
08/06/2016;CONSTAT;O3;NORD-PAS-DE-CALAIS;NORD;180 µg/m³ / 1h
04/06/2016;CONSTAT;PM10;NORD-PAS-DE-CALAIS;NORD;50 µg/m³ / 24h
27/05/2016;CONSTAT;PM10;NORD-PAS-DE-CALAIS;NORD;50 µg/m³ / 24h
24/05/2016;CONSTAT;PM10;NORD-PAS-DE-CALAIS;NORD;50 µg/m³ / 24h
11/05/2016;CONSTAT;PM10;NORD-PAS-DE-CALAIS;NORD;50 µg/m³ / 24h
22/03/2016;CONSTAT;SO2;NORD-PAS-DE-CALAIS;NORD;300 µg/m³ / 1h
22/03/2016;CONSTAT;SO2;NORD-PAS-DE-CALAIS;NORD;300 µg/m³ / 1h
22/03/2016;CONSTAT;SO2;NORD-PAS-DE-CALAIS;NORD;300 µg/m³ / 1h
26/01/2017;CONSTAT;PM10;BOURGOGNE;SAONE-ET-LOIRE;80 µg/m³ / 24h
26/01/2017;CONSTAT;PM10;BOURGOGNE;YONNE;80 µg/m³ / 24h
26/01/2017;CONSTAT;PM10;CHAMPAGNE-ARDENNE;ARDENNES;50 µg/m³ / 24h
18/12/2016;CONSTAT;PM10;NORD-PAS-DE-CALAIS;PAS-DE-CALAIS;50 µg/m³ / 24h
17/12/2016;CONSTAT;PM10;NORD-PAS-DE-CALAIS;PAS-DE-CALAIS;50 µg/m³ / 24h
03/10/2016;CONSTAT;PM10;NORD-PAS-DE-CALAIS;PAS-DE-CALAIS;50 µg/m³ / 24h
05/06/2016;CONSTAT;O3;NORD-PAS-DE-CALAIS;PAS-DE-CALAIS;180 µg/m³ / 1h
29/05/2016;CONSTAT;PM10;NORD-PAS-DE-CALAIS;PAS-DE-CALAIS;50 µg/m³ / 24h
27/05/2016;CONSTAT;PM10;NORD-PAS-DE-CALAIS;PAS-DE-CALAIS;50 µg/m³ / 24h
23/05/2016;CONSTAT;PM10;NORD-PAS-DE-CALAIS;PAS-DE-CALAIS;50 µg/m³ / 24h
29/04/2016;CONSTAT;PM10;NORD-PAS-DE-CALAIS;PAS-DE-CALAIS;50 µg/m³ / 24h
26/01/2017;CONSTAT;PM10;CHAMPAGNE-ARDENNE;HAUTE-MARNE;50 µg/m³ / 24h
24/10/2016;CONSTAT;SO2;PAYS DE LA LOIRE;LOIRE-ATLANTIQUE;300 µg/m³ / 1h
24/10/2016;CONSTAT;SO2;PAYS DE LA LOIRE;LOIRE-ATLANTIQUE;300 µg/m³ / 1h
13/05/2016;CONSTAT;SO2;PAYS DE LA LOIRE;LOIRE-ATLANTIQUE;300 µg/m³ / 1h
26/01/2017;CONSTAT;PM10;HAUTE-NORMANDIE;EURE;50 µg/m³ / 24h
26/01/2017;CONSTAT;PM10;HAUTE-NORMANDIE;SEINE-MARITIME;50 µg/m³ / 24h
26/01/2017;CONSTAT;PM10;ILE-DE-FRANCE;ESSONNE;50 µg/m³ / 24h
29/02/2016;CONSTAT;PM10;PICARDIE;AISNE;50 µg/m³ / 24h
15/12/2016;CONSTAT;PM10;PICARDIE;OISE;50 µg/m³ / 24h
26/01/2017;CONSTAT;PM10;ILE-DE-FRANCE;HAUTS-DE-SEINE;50 µg/m³ / 24h
12/03/2016;CONSTAT;PM10;POITOU-CHARENTES;CHARENTE;50 µg/m³ / 24h
12/03/2016;CONSTAT;PM10;POITOU-CHARENTES;CHARENTE-MARITIME;50 µg/m³ / 24h
12/03/2016;CONSTAT;PM10;POITOU-CHARENTES;DEUX-SEVRES;50 µg/m³ / 24h
11/03/2016;CONSTAT;PM10;POITOU-CHARENTES;VIENNE;50 µg/m³ / 24h
26/01/2017;CONSTAT;PM10;ILE-DE-FRANCE;PARIS;50 µg/m³ / 24h
26/01/2017;CONSTAT;PM10;ILE-DE-FRANCE;SEINE-ET-MARNE;50 µg/m³ / 24h
24/08/2016;CONSTAT;SO2;PROVENCE-ALPES-COTE D'AZUR;BOUCHES-DU-RHONE;300 µg/m³ / 1h
26/01/2017;CONSTAT;PM10;ILE-DE-FRANCE;SEINE-SAINT-DENIS;50 µg/m³ / 24h
26/01/2017;CONSTAT;PM10;ILE-DE-FRANCE;VAL-DE-MARNE;50 µg/m³ / 24h
26/01/2017;CONSTAT;PM10;ILE-DE-FRANCE;VAL-D'OISE;50 µg/m³ / 24h
26/01/2017;CONSTAT;PM10;ILE-DE-FRANCE;YVELINES;50 µg/m³ / 24h
26/01/2017;CONSTAT;PM10;LA REUNION;LA REUNION;50 µg/m³ / 24h
26/01/2017;CONSTAT;PM10;MIDI-PYRENEES;TARN-ET-GARONNE;50 µg/m³ / 24h
26/01/2017;CONSTAT;PM10;NORD-PAS-DE-CALAIS;NORD;80 µg/m³ / 24h
26/01/2017;CONSTAT;PM10;NORD-PAS-DE-CALAIS;PAS-DE-CALAIS;80 µg/m³ / 24h
26/01/2017;CONSTAT;SO2;PAYS DE LA LOIRE;LOIRE-ATLANTIQUE;300 µg/m³ / 1h
26/01/2017;CONSTAT;PM10;PAYS DE LA LOIRE;MAINE-ET-LOIRE;50 µg/m³ / 24h
17/12/2016;CONSTAT;PM10;RHONE-ALPES;AIN;
16/12/2016;CONSTAT;PM10;RHONE-ALPES;AIN;50 µg/m³ / 24h
15/12/2016;CONSTAT;PM10;RHONE-ALPES;AIN;50 µg/m³ / 24h
10/12/2016;CONSTAT;PM10;RHONE-ALPES;AIN;50 µg/m³ / 24h
09/12/2016;CONSTAT;PM10;RHONE-ALPES;AIN;50 µg/m³ / 24h
07/12/2016;CONSTAT;PM10;RHONE-ALPES;AIN;50 µg/m³ / 24h
01/12/2016;CONSTAT;PM10;RHONE-ALPES;AIN;50 µg/m³ / 24h
25/08/2016;CONSTAT;O3;RHONE-ALPES;AIN;180 µg/m³ / 1h
22/03/2016;CONSTAT;PM10;RHONE-ALPES;AIN;50 µg/m³ / 24h
21/03/2016;CONSTAT;PM10;RHONE-ALPES;AIN;50 µg/m³ / 24h
26/01/2017;CONSTAT;PM10;PAYS DE LA LOIRE;MAYENNE;50 µg/m³ / 24h
26/01/2017;CONSTAT;PM10;PAYS DE LA LOIRE;SARTHE;50 µg/m³ / 24h
26/01/2017;CONSTAT;PM10;RHONE-ALPES;AIN;80 µg/m³ / 24h
26/01/2017;CONSTAT;PM10;RHONE-ALPES;ARDECHE;80 µg/m³ / 24h
26/01/2017;CONSTAT;PM10;RHONE-ALPES;DROME;80 µg/m³ / 24h
26/01/2017;CONSTAT;PM10;RHONE-ALPES;ISERE;50 µg/m³ / 24h
26/01/2017;CONSTAT;PM10;RHONE-ALPES;LOIRE;80 µg/m³ / 24h
26/01/2017;CONSTAT;PM10;RHONE-ALPES;RHONE;80 µg/m³ / 24h
27/01/2017;CONSTAT;PM10;ALSACE;BAS-RHIN;50 µg/m³ / 24h
31/12/2016;CONSTAT;PM10;RHONE-ALPES;ARDECHE;50 µg/m³ / 24h
17/12/2016;CONSTAT;PM10;RHONE-ALPES;ARDECHE;50 µg/m³ / 24h
16/12/2016;CONSTAT;PM10;RHONE-ALPES;ARDECHE;50 µg/m³ / 24h
14/12/2016;CONSTAT;PM10;RHONE-ALPES;ARDECHE;50 µg/m³ / 24h
10/12/2016;CONSTAT;PM10;RHONE-ALPES;ARDECHE;50 µg/m³ / 24h
09/12/2016;CONSTAT;PM10;RHONE-ALPES;ARDECHE;50 µg/m³ / 24h
07/12/2016;CONSTAT;PM10;RHONE-ALPES;ARDECHE;50 µg/m³ / 24h
05/12/2016;CONSTAT;PM10;RHONE-ALPES;ARDECHE;50 µg/m³ / 24h
01/12/2016;CONSTAT;PM10;RHONE-ALPES;ARDECHE;50 µg/m³ / 24h
22/03/2016;CONSTAT;PM10;RHONE-ALPES;ARDECHE;
21/03/2016;CONSTAT;PM10;RHONE-ALPES;ARDECHE;50 µg/m³ / 24h
27/01/2017;CONSTAT;PM10;ALSACE;HAUT-RHIN;80 µg/m³ / 24h
27/01/2017;CONSTAT;SO2;AQUITAINE;PYRENEES-ATLANTIQUES;300 µg/m³ / 1h
27/01/2017;CONSTAT;PM10;BOURGOGNE;COTE-D'OR;80 µg/m³ / 24h
27/01/2017;CONSTAT;PM10;BOURGOGNE;SAONE-ET-LOIRE;80 µg/m³ / 24h
27/01/2017;CONSTAT;PM10;BOURGOGNE;YONNE;80 µg/m³ / 24h
27/01/2017;CONSTAT;PM10;CHAMPAGNE-ARDENNE;ARDENNES;50 µg/m³ / 24h
27/01/2017;CONSTAT;PM10;LA REUNION;LA REUNION;50 µg/m³ / 24h
31/12/2016;CONSTAT;PM10;RHONE-ALPES;DROME;50 µg/m³ / 24h
17/12/2016;CONSTAT;PM10;RHONE-ALPES;DROME;50 µg/m³ / 24h
16/12/2016;CONSTAT;PM10;RHONE-ALPES;DROME;50 µg/m³ / 24h
14/12/2016;CONSTAT;PM10;RHONE-ALPES;DROME;50 µg/m³ / 24h
10/12/2016;CONSTAT;PM10;RHONE-ALPES;DROME;50 µg/m³ / 24h
09/12/2016;CONSTAT;PM10;RHONE-ALPES;DROME;50 µg/m³ / 24h
07/12/2016;CONSTAT;PM10;RHONE-ALPES;DROME;50 µg/m³ / 24h
05/12/2016;CONSTAT;PM10;RHONE-ALPES;DROME;50 µg/m³ / 24h
01/12/2016;CONSTAT;PM10;RHONE-ALPES;DROME;50 µg/m³ / 24h
22/03/2016;CONSTAT;PM10;RHONE-ALPES;DROME;
21/03/2016;CONSTAT;PM10;RHONE-ALPES;DROME;50 µg/m³ / 24h
27/01/2017;CONSTAT;PM10;RHONE-ALPES;AIN;80 µg/m³ / 24h
27/01/2017;CONSTAT;PM10;RHONE-ALPES;HAUTE-SAVOIE;80 µg/m³ / 24h
27/01/2017;CONSTAT;PM10;RHONE-ALPES;HAUTE-SAVOIE;80 µg/m³ / 24h
27/01/2017;CONSTAT;PM10;RHONE-ALPES;ISERE;50 µg/m³ / 24h
27/01/2017;CONSTAT;PM10;RHONE-ALPES;RHONE;80 µg/m³ / 24h
27/01/2017;CONSTAT;PM10;RHONE-ALPES;SAVOIE;50 µg/m³ / 24h
27/01/2017;CONSTAT;PM10;RHONE-ALPES;SAVOIE;50 µg/m³ / 24h
28/01/2017;CONSTAT;PM10;ALSACE;BAS-RHIN;80 µg/m³ / 24h
28/01/2017;CONSTAT;PM10;ALSACE;HAUT-RHIN;80 µg/m³ / 24h
28/01/2017;CONSTAT;PM10;BOURGOGNE;SAONE-ET-LOIRE;50 µg/m³ / 24h
28/01/2017;CONSTAT;SO2;LA REUNION;LA REUNION;300 µg/m³ / 1h
28/01/2017;CONSTAT;PM10;RHONE-ALPES;AIN;50 µg/m³ / 24h
28/01/2017;CONSTAT;PM10;RHONE-ALPES;ARDECHE;50 µg/m³ / 24h
30/12/2016;CONSTAT;PM10;RHONE-ALPES;HAUTE-SAVOIE;50 µg/m³ / 24h
29/12/2016;CONSTAT;PM10;RHONE-ALPES;HAUTE-SAVOIE;50 µg/m³ / 24h
29/12/2016;CONSTAT;PM10;RHONE-ALPES;HAUTE-SAVOIE;50 µg/m³ / 24h
26/12/2016;CONSTAT;PM10;RHONE-ALPES;HAUTE-SAVOIE;50 µg/m³ / 24h
25/12/2016;CONSTAT;PM10;RHONE-ALPES;HAUTE-SAVOIE;50 µg/m³ / 24h
24/12/2016;CONSTAT;PM10;RHONE-ALPES;HAUTE-SAVOIE;50 µg/m³ / 24h
23/12/2016;CONSTAT;PM10;RHONE-ALPES;HAUTE-SAVOIE;50 µg/m³ / 24h
23/12/2016;CONSTAT;PM10;RHONE-ALPES;HAUTE-SAVOIE;50 µg/m³ / 24h
22/12/2016;CONSTAT;PM10;RHONE-ALPES;HAUTE-SAVOIE;50 µg/m³ / 24h
21/12/2016;CONSTAT;PM10;RHONE-ALPES;HAUTE-SAVOIE;50 µg/m³ / 24h
20/12/2016;CONSTAT;PM10;RHONE-ALPES;HAUTE-SAVOIE;50 µg/m³ / 24h
19/12/2016;CONSTAT;PM10;RHONE-ALPES;HAUTE-SAVOIE;50 µg/m³ / 24h
18/12/2016;CONSTAT;PM10;RHONE-ALPES;HAUTE-SAVOIE;50 µg/m³ / 24h
17/12/2016;CONSTAT;PM10;RHONE-ALPES;HAUTE-SAVOIE;50 µg/m³ / 24h
16/12/2016;CONSTAT;PM10;RHONE-ALPES;HAUTE-SAVOIE;50 µg/m³ / 24h
15/12/2016;CONSTAT;PM10;RHONE-ALPES;HAUTE-SAVOIE;50 µg/m³ / 24h
14/12/2016;CONSTAT;PM10;RHONE-ALPES;HAUTE-SAVOIE;50 µg/m³ / 24h
13/12/2016;CONSTAT;PM10;RHONE-ALPES;HAUTE-SAVOIE;50 µg/m³ / 24h
13/12/2016;CONSTAT;PM10;RHONE-ALPES;HAUTE-SAVOIE;50 µg/m³ / 24h
12/12/2016;CONSTAT;PM10;RHONE-ALPES;HAUTE-SAVOIE;50 µg/m³ / 24h
10/12/2016;CONSTAT;PM10;RHONE-ALPES;HAUTE-SAVOIE;50 µg/m³ / 24h
08/12/2016;CONSTAT;PM10;RHONE-ALPES;HAUTE-SAVOIE;50 µg/m³ / 24h
06/12/2016;CONSTAT;PM10;RHONE-ALPES;HAUTE-SAVOIE;50 µg/m³ / 24h
04/12/2016;CONSTAT;PM10;RHONE-ALPES;HAUTE-SAVOIE;50 µg/m³ / 24h
03/12/2016;CONSTAT;PM10;RHONE-ALPES;HAUTE-SAVOIE;50 µg/m³ / 24h
02/12/2016;CONSTAT;PM10;RHONE-ALPES;HAUTE-SAVOIE;50 µg/m³ / 24h
02/12/2016;CONSTAT;PM10;RHONE-ALPES;HAUTE-SAVOIE;50 µg/m³ / 24h
01/12/2016;CONSTAT;PM10;RHONE-ALPES;HAUTE-SAVOIE;50 µg/m³ / 24h
28/11/2016;CONSTAT;PM10;RHONE-ALPES;HAUTE-SAVOIE;50 µg/m³ / 24h
22/03/2016;CONSTAT;PM10;RHONE-ALPES;HAUTE-SAVOIE;50 µg/m³ / 24h
30/01/2016;CONSTAT;NO2;RHONE-ALPES;HAUTE-SAVOIE;200 µg/m³ / 1h
24/01/2016;CONSTAT;PM10;RHONE-ALPES;HAUTE-SAVOIE;50 µg/m³ / 24h
28/01/2017;CONSTAT;PM10;RHONE-ALPES;DROME;50 µg/m³ / 24h
28/01/2017;CONSTAT;PM10;RHONE-ALPES;ISERE;50 µg/m³ / 24h
28/01/2017;CONSTAT;PM10;RHONE-ALPES;RHONE;80 µg/m³ / 24h
29/01/2017;CONSTAT;PM10;CHAMPAGNE-ARDENNE;MARNE;50 µg/m³ / 24h
05/02/2017;CONSTAT;PM10;GUYANE;GUYANE;50 µg/m³ / 24h
06/02/2017;CONSTAT;PM10;MARTINIQUE;MARTINIQUE;50 µg/m³ / 24h
07/02/2017;CONSTAT;PM10;CENTRE;EURE-ET-LOIR;50 µg/m³ / 24h
08/02/2017;CONSTAT;PM10;LORRAINE;MEURTHE-ET-MOSELLE;50 µg/m³ / 24h
10/02/2017;CONSTAT;PM10;ALSACE;BAS-RHIN;50 µg/m³ / 24h
10/02/2017;CONSTAT;PM10;BASSE-NORMANDIE;CALVADOS;50 µg/m³ / 24h
10/02/2017;CONSTAT;PM10;FRANCHE-COMTE;DOUBS;50 µg/m³ / 24h
11/02/2017;CONSTAT;PM10;CHAMPAGNE-ARDENNE;AUBE;50 µg/m³ / 24h
31/12/2016;CONSTAT;PM10;RHONE-ALPES;ISERE;50 µg/m³ / 24h
23/12/2016;CONSTAT;PM10;RHONE-ALPES;ISERE;50 µg/m³ / 24h
21/12/2016;CONSTAT;PM10;RHONE-ALPES;ISERE;50 µg/m³ / 24h
20/12/2016;CONSTAT;PM10;RHONE-ALPES;ISERE;50 µg/m³ / 24h
18/12/2016;CONSTAT;PM10;RHONE-ALPES;ISERE;50 µg/m³ / 24h
17/12/2016;CONSTAT;PM10;RHONE-ALPES;ISERE;50 µg/m³ / 24h
16/12/2016;CONSTAT;PM10;RHONE-ALPES;ISERE;50 µg/m³ / 24h
15/12/2016;CONSTAT;PM10;RHONE-ALPES;ISERE;50 µg/m³ / 24h
14/12/2016;CONSTAT;PM10;RHONE-ALPES;ISERE;50 µg/m³ / 24h
13/12/2016;CONSTAT;PM10;RHONE-ALPES;ISERE;50 µg/m³ / 24h
13/12/2016;CONSTAT;PM10;RHONE-ALPES;ISERE;50 µg/m³ / 24h
10/12/2016;CONSTAT;PM10;RHONE-ALPES;ISERE;50 µg/m³ / 24h
09/12/2016;CONSTAT;PM10;RHONE-ALPES;ISERE;50 µg/m³ / 24h
07/12/2016;CONSTAT;PM10;RHONE-ALPES;ISERE;50 µg/m³ / 24h
05/12/2016;CONSTAT;PM10;RHONE-ALPES;ISERE;50 µg/m³ / 24h
04/12/2016;CONSTAT;PM10;RHONE-ALPES;ISERE;50 µg/m³ / 24h
03/12/2016;CONSTAT;PM10;RHONE-ALPES;ISERE;50 µg/m³ / 24h
01/12/2016;CONSTAT;PM10;RHONE-ALPES;ISERE;50 µg/m³ / 24h
30/11/2016;CONSTAT;PM10;RHONE-ALPES;ISERE;50 µg/m³ / 24h
03/09/2016;CONSTAT;SO2;RHONE-ALPES;ISERE;300 µg/m³ / 1h
24/08/2016;CONSTAT;O3;RHONE-ALPES;ISERE;
24/06/2016;CONSTAT;O3;RHONE-ALPES;ISERE;180 µg/m³ / 1h
22/03/2016;CONSTAT;PM10;RHONE-ALPES;ISERE;50 µg/m³ / 24h
21/03/2016;CONSTAT;PM10;RHONE-ALPES;ISERE;50 µg/m³ / 24h
22/02/2016;CONSTAT;PM10;RHONE-ALPES;ISERE;50 µg/m³ / 24h
12/02/2017;CONSTAT;PM10;FRANCHE-COMTE;TERRITOIRE DE BELFORT;50 µg/m³ / 24h
14/02/2017;CONSTAT;NO2;BRETAGNE;MORBIHAN;200 µg/m³ / 1h
14/02/2017;CONSTAT;PM10;FRANCHE-COMTE;DOUBS;50 µg/m³ / 24h
14/02/2017;CONSTAT;PM10;LORRAINE;MEURTHE-ET-MOSELLE;50 µg/m³ / 24h
14/02/2017;CONSTAT;PM10;MIDI-PYRENEES;HAUTES-PYRENEES;50 µg/m³ / 24h
14/02/2017;CONSTAT;PM10;RHONE-ALPES;HAUTE-SAVOIE;50 µg/m³ / 24h
14/02/2017;CONSTAT;PM10;RHONE-ALPES;RHONE;50 µg/m³ / 24h
22/02/2017;CONSTAT;PM10;GUYANE;GUYANE;50 µg/m³ / 24h
14/12/2016;CONSTAT;PM10;RHONE-ALPES;LOIRE;50 µg/m³ / 24h
07/12/2016;CONSTAT;PM10;RHONE-ALPES;LOIRE;50 µg/m³ / 24h
22/03/2016;CONSTAT;PM10;RHONE-ALPES;LOIRE;
20/03/2016;CONSTAT;PM10;RHONE-ALPES;LOIRE;50 µg/m³ / 24h
02/03/2017;CONSTAT;PM10;AQUITAINE;PYRENEES-ATLANTIQUES;50 µg/m³ / 24h
06/03/2017;CONSTAT;PM10;GUYANE;GUYANE;80 µg/m³ / 24h
07/03/2017;CONSTAT;PM10;POITOU-CHARENTES;CHARENTE;50 µg/m³ / 24h
10/03/2017;CONSTAT;PM10;CHAMPAGNE-ARDENNE;AUBE;50 µg/m³ / 24h
15/03/2017;CONSTAT;PM10;LANGUEDOC-ROUSSILLON;HERAULT;50 µg/m³ / 24h
16/03/2017;CONSTAT;PM10;BRETAGNE;COTES-D'ARMOR;50 µg/m³ / 24h
17/03/2017;CONSTAT;PM10;NORD-PAS-DE-CALAIS;PAS-DE-CALAIS;50 µg/m³ / 24h
26/03/2017;CONSTAT;PM10;NORD-PAS-DE-CALAIS;NORD;50 µg/m³ / 24h
27/03/2017;CONSTAT;PM10;GUADELOUPE;GUADELOUPE;80 µg/m³ / 24h
27/03/2017;CONSTAT;PM10;MARTINIQUE;MARTINIQUE;50 µg/m³ / 24h
02/04/2017;CONSTAT;PM10;GUYANE;GUYANE;50 µg/m³ / 24h
03/04/2017;CONSTAT;PM10;GUYANE;GUYANE;80 µg/m³ / 24h
31/12/2016;CONSTAT;PM10;RHONE-ALPES;RHONE;50 µg/m³ / 24h
30/12/2016;CONSTAT;PM10;RHONE-ALPES;RHONE;50 µg/m³ / 24h
17/12/2016;CONSTAT;PM10;RHONE-ALPES;RHONE;50 µg/m³ / 24h
16/12/2016;CONSTAT;PM10;RHONE-ALPES;RHONE;50 µg/m³ / 24h
14/12/2016;CONSTAT;PM10;RHONE-ALPES;RHONE;50 µg/m³ / 24h
10/12/2016;CONSTAT;PM10;RHONE-ALPES;RHONE;80 µg/m³ / 24h
09/12/2016;CONSTAT;PM10;RHONE-ALPES;RHONE;50 µg/m³ / 24h
07/12/2016;CONSTAT;PM10;RHONE-ALPES;RHONE;50 µg/m³ / 24h
05/12/2016;CONSTAT;PM10;RHONE-ALPES;RHONE;50 µg/m³ / 24h
04/12/2016;CONSTAT;PM10;RHONE-ALPES;RHONE;50 µg/m³ / 24h
03/12/2016;CONSTAT;PM10;RHONE-ALPES;RHONE;50 µg/m³ / 24h
01/12/2016;CONSTAT;PM10;RHONE-ALPES;RHONE;50 µg/m³ / 24h
30/11/2016;CONSTAT;PM10;RHONE-ALPES;RHONE;50 µg/m³ / 24h
24/08/2016;CONSTAT;O3;RHONE-ALPES;RHONE;180 µg/m³ / 1h
10/06/2016;CONSTAT;O3;RHONE-ALPES;RHONE;180 µg/m³ / 1h
22/03/2016;CONSTAT;PM10;RHONE-ALPES;RHONE;
20/03/2016;CONSTAT;PM10;RHONE-ALPES;RHONE;50 µg/m³ / 24h
19/02/2016;CONSTAT;PM10;RHONE-ALPES;RHONE;50 µg/m³ / 24h
05/04/2017;CONSTAT;PM10;GUYANE;GUYANE;50 µg/m³ / 24h
08/04/2017;CONSTAT;SO2;RHONE-ALPES;ISERE;300 µg/m³ / 1h
12/04/2017;CONSTAT;PM10;NORD-PAS-DE-CALAIS;PAS-DE-CALAIS;50 µg/m³ / 24h
04/05/2017;CONSTAT;PM10;NORD-PAS-DE-CALAIS;NORD;50 µg/m³ / 24h
11/05/2017;CONSTAT;PM10;GUADELOUPE;GUADELOUPE;50 µg/m³ / 24h
11/05/2017;CONSTAT;PM10;MARTINIQUE;MARTINIQUE;50 µg/m³ / 24h
13/05/2017;CONSTAT;PM10;GUADELOUPE;GUADELOUPE;50 µg/m³ / 24h
14/05/2017;CONSTAT;PM10;GUYANE;GUYANE;50 µg/m³ / 24h
15/05/2017;CONSTAT;PM10;GUYANE;GUYANE;50 µg/m³ / 24h
30/12/2016;CONSTAT;PM10;RHONE-ALPES;SAVOIE;
23/12/2016;CONSTAT;PM10;RHONE-ALPES;SAVOIE;50 µg/m³ / 24h
21/12/2016;CONSTAT;PM10;RHONE-ALPES;SAVOIE;50 µg/m³ / 24h
20/12/2016;CONSTAT;PM10;RHONE-ALPES;SAVOIE;50 µg/m³ / 24h
19/12/2016;CONSTAT;PM10;RHONE-ALPES;SAVOIE;50 µg/m³ / 24h
17/12/2016;CONSTAT;PM10;RHONE-ALPES;SAVOIE;50 µg/m³ / 24h
17/12/2016;CONSTAT;PM10;RHONE-ALPES;SAVOIE;
16/12/2016;CONSTAT;PM10;RHONE-ALPES;SAVOIE;50 µg/m³ / 24h
14/12/2016;CONSTAT;PM10;RHONE-ALPES;SAVOIE;50 µg/m³ / 24h
13/12/2016;CONSTAT;PM10;RHONE-ALPES;SAVOIE;50 µg/m³ / 24h
13/12/2016;CONSTAT;PM10;RHONE-ALPES;SAVOIE;50 µg/m³ / 24h
12/12/2016;CONSTAT;PM10;RHONE-ALPES;SAVOIE;50 µg/m³ / 24h
10/12/2016;CONSTAT;PM10;RHONE-ALPES;SAVOIE;50 µg/m³ / 24h
09/12/2016;CONSTAT;PM10;RHONE-ALPES;SAVOIE;50 µg/m³ / 24h
06/12/2016;CONSTAT;PM10;RHONE-ALPES;SAVOIE;50 µg/m³ / 24h
05/12/2016;CONSTAT;PM10;RHONE-ALPES;SAVOIE;50 µg/m³ / 24h
03/12/2016;CONSTAT;PM10;RHONE-ALPES;SAVOIE;50 µg/m³ / 24h
02/12/2016;CONSTAT;PM10;RHONE-ALPES;SAVOIE;50 µg/m³ / 24h
02/12/2016;CONSTAT;PM10;RHONE-ALPES;SAVOIE;50 µg/m³ / 24h
01/12/2016;CONSTAT;PM10;RHONE-ALPES;SAVOIE;50 µg/m³ / 24h
22/03/2016;CONSTAT;PM10;RHONE-ALPES;SAVOIE;50 µg/m³ / 24h